id,title,type,url_or_local_path,claim_used,evidence_strength,key_caveat
S01,Local AlignCoder deep-read,local primary extraction,doc/papers/ALIGNCODER_DEEPREAD.md,"AlignCoder combines target-aware query enhancement, dependency evidence, and a hard target-PPL winner signal",high,"Local extraction and code snapshot require native reproduction"
S02,Local structural retrieval reports,local primary synthesis,doc/papers/CAST_DEEPREAD.md;doc/papers/LATE_CODE_CHUNKING_DEEPREAD.md;doc/papers/GREPRAG_DEEPREAD.md,"AST structure, late expansion, lexical identifiers, and deduplication are complementary",medium,"Synthesis spans different papers and benchmarks"
S03,Local target-supervision reports,local primary synthesis,doc/papers/CODERAG_DEEPREAD.md;doc/papers/GRACE_DEEPREAD.md;doc/TCD_KD_FRAMEWORK.md,"Offline teacher-to-student distillation is feasible; generator-likelihood supervision is close prior art",high,"Most evidence is retrieval/reranking rather than final EM"
S04,Local REVELA deep-read,local primary extraction,doc/papers/REVELA_DEEPREAD.md,"NTP-based self-supervised retriever learning avoids query-document pair construction",medium,"Transfer to code completion is unverified"
S05,AlignCoder official paper,primary paper,https://arxiv.org/abs/2601.19697,"Direct end-to-end baseline and reported 18.1% CrossCodeEval EM improvement",high,"Abstract does not contain implementation details"
S06,CAST official paper,primary paper,https://arxiv.org/abs/2506.15655,"AST recursive split-then-merge is a strong structural chunking baseline",medium,"Structural coherence is not target relevance"
S07,Controlled chunking study 2026,primary adversarial study,https://arxiv.org/abs/2605.04763,"Context length can dominate chunk strategy; cAST is not automatically superior",high,"Different implementation/version may affect transfer"
S08,REPLUG-LSR,primary prior-art paper,https://arxiv.org/abs/2301.12652,"Frozen LM likelihood can supervise a retriever through a distributional objective",high,"Not repository code completion"
S09,CodeRAG,primary paper,https://arxiv.org/abs/2509.16112,"Multi-path retrieval and offline teacher distillation are practical",high,"Teacher is a reranker and uses line-based probing"
S10,CODEFILTER,primary paper,https://arxiv.org/abs/2508.05970,"Retrieved chunks can be harmful; pointwise filtering improves quality and prompt efficiency",high,"Labels use target completion offline"
S11,REVELA,primary paper,https://arxiv.org/abs/2506.16552,"NTP/self-supervised retriever training avoids annotated or synthetic pairs",high,"No direct repository-completion result"
S12,GrepRAG,primary paper,https://arxiv.org/abs/2601.23254,"Identifier-aware lexical retrieval and structure-aware deduplication are strong complements",medium,"Lexical path misses semantic aliases"
S13,DraCo,primary paper,https://arxiv.org/abs/2405.19782,"Dataflow/type-sensitive graph retrieval adds program relations",medium,"Static graph incompleteness"
S14,SelfRACG,primary paper,https://arxiv.org/abs/2507.19033,"Information-need expression may replace repeated query/draft sampling",medium,"Need representation and transfer are open"
S15,Repoformer,primary paper,https://arxiv.org/abs/2403.10059,"Selective retrieval/null decisions can reduce cost and avoid unnecessary context",high,"Different objective from candidate-distribution KD"
S16,ReCUBE,primary benchmark,https://arxiv.org/abs/2603.25770,"Usage-aware repository context utilization remains difficult",medium,"Different task from next-fragment completion"
S17,Jina code embedding model card,official model documentation,https://huggingface.co/jinaai/jina-code-embeddings-1.5b,"Jina is a plausible semantic candidate miner or auxiliary teacher",medium,"Model card does not establish completion-utility calibration"
S18,Remaining local paper reports,local primary synthesis,doc/PAPERS_INDEX.md;doc/papers/C2LLM_DEEPREAD.md;doc/REPOSHAPLEY_DEEPREAD.md;doc/papers/LIPO_DEEPREAD.md;doc/papers/RLCODER_DEEPREAD.md;doc/papers/REACC_DEEPREAD.md;doc/papers/REPOCODER_DEEPREAD.md;doc/papers/REPOHYPER_DEEPREAD.md;doc/papers/STEPCODER_DEEPREAD.md,"PMA, context interaction, hybrid retrieval, graph expansion, iterative retrieval, and excluded pairwise/RL alternatives complete the local map",medium,"Synthesis requires paper-level verification for publication"
